Date_Consumption,Part,Consumption
2020/01/01,滑輪,12
2020/01/01,齒輪,8
2020/01/01,軸承,2
2020/01/01,接頭,14
2020/01/01,線圈,12
2020/01/01,電纜,13
2020/01/01,活塞,6
2020/01/01,油封,15
2020/01/01,油泵,4
2020/01/01,油壓閥,20
2020/01/01,油箱,11
2020/01/01,油缸,5
2020/01/01,油管,10
2020/01/01,油濾,19
2020/01/01,油底壓力表,8
2020/01/01,油溫計,12
2020/01/01,油水分離器,3
2020/01/01,油漆,7
2020/01/01,油燃料混合器,15
2020/01/01,油槽,4
2020/02/01,滑輪,9
2020/02/01,齒輪,16
2020/02/01,軸承,12
2020/02/01,接頭,9
2020/02/01,線圈,13
2020/02/01,電纜,6
2020/02/01,活塞,1
2020/02/01,油封,2
2020/02/01,油泵,2
2020/02/01,油壓閥,17
2020/02/01,油箱,15
2020/02/01,油缸,10
2020/02/01,油管,10
2020/02/01,油濾,16
2020/02/01,油底壓力表,7
2020/02/01,油溫計,5
2020/02/01,油水分離器,5
2020/02/01,油漆,4
2020/02/01,油燃料混合器,13
2020/02/01,油槽,14
2020/03/01,滑輪,17
2020/03/01,齒輪,2
2020/03/01,軸承,1
2020/03/01,接頭,4
2020/03/01,線圈,12
2020/03/01,電纜,8
2020/03/01,活塞,12
2020/03/01,油封,9
2020/03/01,油泵,16
2020/03/01,油壓閥,0
2020/03/01,油箱,1
2020/03/01,油缸,15
2020/03/01,油管,0
2020/03/01,油濾,2
2020/03/01,油底壓力表,10
2020/03/01,油溫計,9
2020/03/01,油水分離器,6
2020/03/01,油漆,3
2020/03/01,油燃料混合器,5
2020/03/01,油槽,3
2020/04/01,滑輪,3
2020/04/01,齒輪,9
2020/04/01,軸承,7
2020/04/01,接頭,10
2020/04/01,線圈,21
2020/04/01,電纜,10
2020/04/01,活塞,15
2020/04/01,油封,2
2020/04/01,油泵,9
2020/04/01,油壓閥,13
2020/04/01,油箱,4
2020/04/01,油缸,7
2020/04/01,油管,6
2020/04/01,油濾,3
2020/04/01,油底壓力表,2
2020/04/01,油溫計,11
2020/04/01,油水分離器,4
2020/04/01,油漆,11
2020/04/01,油燃料混合器,4
2020/04/01,油槽,6
2020/05/01,滑輪,11
2020/05/01,齒輪,10
2020/05/01,軸承,14
2020/05/01,接頭,13
2020/05/01,線圈,5
2020/05/01,電纜,11
2020/05/01,活塞,12
2020/05/01,油封,7
2020/05/01,油泵,4
2020/05/01,油壓閥,10
2020/05/01,油箱,4
2020/05/01,油缸,18
2020/05/01,油管,12
2020/05/01,油濾,15
2020/05/01,油底壓力表,18
2020/05/01,油溫計,12
2020/05/01,油水分離器,5
2020/05/01,油漆,17
2020/05/01,油燃料混合器,9
2020/05/01,油槽,4
2020/06/01,滑輪,1
2020/06/01,齒輪,13
2020/06/01,軸承,9
2020/06/01,接頭,7
2020/06/01,線圈,25
2020/06/01,電纜,11
2020/06/01,活塞,19
2020/06/01,油封,11
2020/06/01,油泵,5
2020/06/01,油壓閥,7
2020/06/01,油箱,8
2020/06/01,油缸,5
2020/06/01,油管,11
2020/06/01,油濾,5
2020/06/01,油底壓力表,12
2020/06/01,油溫計,8
2020/06/01,油水分離器,13
2020/06/01,油漆,6
2020/06/01,油燃料混合器,13
2020/06/01,油槽,12
2020/07/01,滑輪,3
2020/07/01,齒輪,12
2020/07/01,軸承,7
2020/07/01,接頭,9
2020/07/01,線圈,9
2020/07/01,電纜,14
2020/07/01,活塞,3
2020/07/01,油封,14
2020/07/01,油泵,11
2020/07/01,油壓閥,18
2020/07/01,油箱,14
2020/07/01,油缸,21
2020/07/01,油管,17
2020/07/01,油濾,13
2020/07/01,油底壓力表,16
2020/07/01,油溫計,10
2020/07/01,油水分離器,7
2020/07/01,油漆,7
2020/07/01,油燃料混合器,19
2020/07/01,油槽,3
2020/08/01,滑輪,7
2020/08/01,齒輪,14
2020/08/01,軸承,0
2020/08/01,接頭,10
2020/08/01,線圈,10
2020/08/01,電纜,7
2020/08/01,活塞,7
2020/08/01,油封,7
2020/08/01,油泵,6
2020/08/01,油壓閥,13
2020/08/01,油箱,4
2020/08/01,油缸,11
2020/08/01,油管,15
2020/08/01,油濾,6
2020/08/01,油底壓力表,6
2020/08/01,油溫計,12
2020/08/01,油水分離器,6
2020/08/01,油漆,2
2020/08/01,油燃料混合器,5
2020/08/01,油槽,10
2020/09/01,滑輪,12
2020/09/01,齒輪,8
2020/09/01,軸承,10
2020/09/01,接頭,9
2020/09/01,線圈,10
2020/09/01,電纜,7
2020/09/01,活塞,9
2020/09/01,油封,14
2020/09/01,油泵,11
2020/09/01,油壓閥,5
2020/09/01,油箱,1
2020/09/01,油缸,8
2020/09/01,油管,4
2020/09/01,油濾,8
2020/09/01,油底壓力表,5
2020/09/01,油溫計,24
2020/09/01,油水分離器,11
2020/09/01,油漆,11
2020/09/01,油燃料混合器,12
2020/09/01,油槽,8
2020/10/01,滑輪,8
2020/10/01,齒輪,1
2020/10/01,軸承,10
2020/10/01,接頭,18
2020/10/01,線圈,10
2020/10/01,電纜,12
2020/10/01,活塞,6
2020/10/01,油封,11
2020/10/01,油泵,10
2020/10/01,油壓閥,7
2020/10/01,油箱,11
2020/10/01,油缸,9
2020/10/01,油管,13
2020/10/01,油濾,12
2020/10/01,油底壓力表,14
2020/10/01,油溫計,11
2020/10/01,油水分離器,1
2020/10/01,油漆,10
2020/10/01,油燃料混合器,2
2020/10/01,油槽,1
2020/11/01,滑輪,5
2020/11/01,齒輪,3
2020/11/01,軸承,10
2020/11/01,接頭,7
2020/11/01,線圈,17
2020/11/01,電纜,5
2020/11/01,活塞,14
2020/11/01,油封,9
2020/11/01,油泵,11
2020/11/01,油壓閥,11
2020/11/01,油箱,12
2020/11/01,油缸,8
2020/11/01,油管,17
2020/11/01,油濾,11
2020/11/01,油底壓力表,5
2020/11/01,油溫計,0
2020/11/01,油水分離器,13
2020/11/01,油漆,10
2020/11/01,油燃料混合器,4
2020/11/01,油槽,12
2020/12/01,滑輪,2
2020/12/01,齒輪,15
2020/12/01,軸承,5
2020/12/01,接頭,14
2020/12/01,線圈,11
2020/12/01,電纜,1
2020/12/01,活塞,0
2020/12/01,油封,6
2020/12/01,油泵,7
2020/12/01,油壓閥,11
2020/12/01,油箱,9
2020/12/01,油缸,3
2020/12/01,油管,9
2020/12/01,油濾,10
2020/12/01,油底壓力表,10
2020/12/01,油溫計,3
2020/12/01,油水分離器,14
2020/12/01,油漆,13
2020/12/01,油燃料混合器,13
2020/12/01,油槽,7
2021/01/01,滑輪,9
2021/01/01,齒輪,11
2021/01/01,軸承,4
2021/01/01,接頭,25
2021/01/01,線圈,12
2021/01/01,電纜,6
2021/01/01,活塞,12
2021/01/01,油封,0
2021/01/01,油泵,2
2021/01/01,油壓閥,5
2021/01/01,油箱,13
2021/01/01,油缸,5
2021/01/01,油管,6
2021/01/01,油濾,9
2021/01/01,油底壓力表,9
2021/01/01,油溫計,13
2021/01/01,油水分離器,7
2021/01/01,油漆,16
2021/01/01,油燃料混合器,14
2021/01/01,油槽,10
2021/02/01,滑輪,9
2021/02/01,齒輪,11
2021/02/01,軸承,8
2021/02/01,接頭,12
2021/02/01,線圈,3
2021/02/01,電纜,6
2021/02/01,活塞,8
2021/02/01,油封,3
2021/02/01,油泵,9
2021/02/01,油壓閥,10
2021/02/01,油箱,15
2021/02/01,油缸,4
2021/02/01,油管,13
2021/02/01,油濾,4
2021/02/01,油底壓力表,10
2021/02/01,油溫計,7
2021/02/01,油水分離器,13
2021/02/01,油漆,11
2021/02/01,油燃料混合器,5
2021/02/01,油槽,13
2021/03/01,滑輪,15
2021/03/01,齒輪,17
2021/03/01,軸承,2
2021/03/01,接頭,11
2021/03/01,線圈,6
2021/03/01,電纜,6
2021/03/01,活塞,10
2021/03/01,油封,13
2021/03/01,油泵,6
2021/03/01,油壓閥,13
2021/03/01,油箱,9
2021/03/01,油缸,12
2021/03/01,油管,15
2021/03/01,油濾,10
2021/03/01,油底壓力表,2
2021/03/01,油溫計,9
2021/03/01,油水分離器,4
2021/03/01,油漆,1
2021/03/01,油燃料混合器,18
2021/03/01,油槽,4
2021/04/01,滑輪,13
2021/04/01,齒輪,15
2021/04/01,軸承,9
2021/04/01,接頭,7
2021/04/01,線圈,12
2021/04/01,電纜,3
2021/04/01,活塞,9
2021/04/01,油封,5
2021/04/01,油泵,12
2021/04/01,油壓閥,12
2021/04/01,油箱,20
2021/04/01,油缸,9
2021/04/01,油管,12
2021/04/01,油濾,10
2021/04/01,油底壓力表,5
2021/04/01,油溫計,10
2021/04/01,油水分離器,15
2021/04/01,油漆,18
2021/04/01,油燃料混合器,11
2021/04/01,油槽,6
2021/05/01,滑輪,21
2021/05/01,齒輪,13
2021/05/01,軸承,15
2021/05/01,接頭,16
2021/05/01,線圈,2
2021/05/01,電纜,16
2021/05/01,活塞,8
2021/05/01,油封,10
2021/05/01,油泵,11
2021/05/01,油壓閥,10
2021/05/01,油箱,5
2021/05/01,油缸,12
2021/05/01,油管,11
2021/05/01,油濾,12
2021/05/01,油底壓力表,13
2021/05/01,油溫計,7
2021/05/01,油水分離器,16
2021/05/01,油漆,4
2021/05/01,油燃料混合器,9
2021/05/01,油槽,6
2021/06/01,滑輪,12
2021/06/01,齒輪,4
2021/06/01,軸承,13
2021/06/01,接頭,13
2021/06/01,線圈,15
2021/06/01,電纜,0
2021/06/01,活塞,8
2021/06/01,油封,8
2021/06/01,油泵,10
2021/06/01,油壓閥,15
2021/06/01,油箱,12
2021/06/01,油缸,12
2021/06/01,油管,15
2021/06/01,油濾,5
2021/06/01,油底壓力表,12
2021/06/01,油溫計,3
2021/06/01,油水分離器,18
2021/06/01,油漆,13
2021/06/01,油燃料混合器,7
2021/06/01,油槽,2
2021/07/01,滑輪,4
2021/07/01,齒輪,5
2021/07/01,軸承,15
2021/07/01,接頭,6
2021/07/01,線圈,9
2021/07/01,電纜,11
2021/07/01,活塞,20
2021/07/01,油封,1
2021/07/01,油泵,3
2021/07/01,油壓閥,13
2021/07/01,油箱,12
2021/07/01,油缸,10
2021/07/01,油管,8
2021/07/01,油濾,17
2021/07/01,油底壓力表,14
2021/07/01,油溫計,18
2021/07/01,油水分離器,19
2021/07/01,油漆,9
2021/07/01,油燃料混合器,11
2021/07/01,油槽,8
2021/08/01,滑輪,6
2021/08/01,齒輪,15
2021/08/01,軸承,9
2021/08/01,接頭,0
2021/08/01,線圈,3
2021/08/01,電纜,8
2021/08/01,活塞,7
2021/08/01,油封,7
2021/08/01,油泵,13
2021/08/01,油壓閥,20
2021/08/01,油箱,16
2021/08/01,油缸,6
2021/08/01,油管,14
2021/08/01,油濾,7
2021/08/01,油底壓力表,8
2021/08/01,油溫計,14
2021/08/01,油水分離器,16
2021/08/01,油漆,2
2021/08/01,油燃料混合器,15
2021/08/01,油槽,0
2021/09/01,滑輪,4
2021/09/01,齒輪,12
2021/09/01,軸承,6
2021/09/01,接頭,9
2021/09/01,線圈,17
2021/09/01,電纜,3
2021/09/01,活塞,4
2021/09/01,油封,8
2021/09/01,油泵,5
2021/09/01,油壓閥,9
2021/09/01,油箱,4
2021/09/01,油缸,7
2021/09/01,油管,3
2021/09/01,油濾,14
2021/09/01,油底壓力表,4
2021/09/01,油溫計,17
2021/09/01,油水分離器,8
2021/09/01,油漆,15
2021/09/01,油燃料混合器,13
2021/09/01,油槽,4
2021/10/01,滑輪,18
2021/10/01,齒輪,11
2021/10/01,軸承,16
2021/10/01,接頭,12
2021/10/01,線圈,7
2021/10/01,電纜,2
2021/10/01,活塞,10
2021/10/01,油封,13
2021/10/01,油泵,5
2021/10/01,油壓閥,0
2021/10/01,油箱,7
2021/10/01,油缸,11
2021/10/01,油管,16
2021/10/01,油濾,2
2021/10/01,油底壓力表,8
2021/10/01,油溫計,13
2021/10/01,油水分離器,13
2021/10/01,油漆,10
2021/10/01,油燃料混合器,10
2021/10/01,油槽,6
2021/11/01,滑輪,4
2021/11/01,齒輪,14
2021/11/01,軸承,15
2021/11/01,接頭,18
2021/11/01,線圈,14
2021/11/01,電纜,8
2021/11/01,活塞,16
2021/11/01,油封,6
2021/11/01,油泵,9
2021/11/01,油壓閥,13
2021/11/01,油箱,11
2021/11/01,油缸,16
2021/11/01,油管,8
2021/11/01,油濾,6
2021/11/01,油底壓力表,13
2021/11/01,油溫計,22
2021/11/01,油水分離器,0
2021/11/01,油漆,2
2021/11/01,油燃料混合器,8
2021/11/01,油槽,8
2021/12/01,滑輪,4
2021/12/01,齒輪,9
2021/12/01,軸承,17
2021/12/01,接頭,7
2021/12/01,線圈,3
2021/12/01,電纜,14
2021/12/01,活塞,10
2021/12/01,油封,7
2021/12/01,油泵,6
2021/12/01,油壓閥,15
2021/12/01,油箱,10
2021/12/01,油缸,8
2021/12/01,油管,8
2021/12/01,油濾,11
2021/12/01,油底壓力表,1
2021/12/01,油溫計,5
2021/12/01,油水分離器,7
2021/12/01,油漆,8
2021/12/01,油燃料混合器,2
2021/12/01,油槽,15
2022/01/01,滑輪,7
2022/01/01,齒輪,9
2022/01/01,軸承,9
2022/01/01,接頭,9
2022/01/01,線圈,13
2022/01/01,電纜,6
2022/01/01,活塞,10
2022/01/01,油封,9
2022/01/01,油泵,9
2022/01/01,油壓閥,8
2022/01/01,油箱,6
2022/01/01,油缸,8
2022/01/01,油管,11
2022/01/01,油濾,8
2022/01/01,油底壓力表,3
2022/01/01,油溫計,9
2022/01/01,油水分離器,10
2022/01/01,油漆,9
2022/01/01,油燃料混合器,17
2022/01/01,油槽,8
2022/02/01,滑輪,14
2022/02/01,齒輪,14
2022/02/01,軸承,13
2022/02/01,接頭,5
2022/02/01,線圈,8
2022/02/01,電纜,12
2022/02/01,活塞,15
2022/02/01,油封,7
2022/02/01,油泵,16
2022/02/01,油壓閥,9
2022/02/01,油箱,8
2022/02/01,油缸,8
2022/02/01,油管,12
2022/02/01,油濾,14
2022/02/01,油底壓力表,12
2022/02/01,油溫計,15
2022/02/01,油水分離器,17
2022/02/01,油漆,6
2022/02/01,油燃料混合器,15
2022/02/01,油槽,15
2022/03/01,滑輪,8
2022/03/01,齒輪,16
2022/03/01,軸承,10
2022/03/01,接頭,3
2022/03/01,線圈,19
2022/03/01,電纜,7
2022/03/01,活塞,3
2022/03/01,油封,13
2022/03/01,油泵,0
2022/03/01,油壓閥,16
2022/03/01,油箱,6
2022/03/01,油缸,10
2022/03/01,油管,10
2022/03/01,油濾,17
2022/03/01,油底壓力表,14
2022/03/01,油溫計,0
2022/03/01,油水分離器,13
2022/03/01,油漆,15
2022/03/01,油燃料混合器,14
2022/03/01,油槽,5
2022/04/01,滑輪,9
2022/04/01,齒輪,6
2022/04/01,軸承,13
2022/04/01,接頭,17
2022/04/01,線圈,11
2022/04/01,電纜,6
2022/04/01,活塞,14
2022/04/01,油封,13
2022/04/01,油泵,11
2022/04/01,油壓閥,15
2022/04/01,油箱,14
2022/04/01,油缸,12
2022/04/01,油管,8
2022/04/01,油濾,11
2022/04/01,油底壓力表,11
2022/04/01,油溫計,8
2022/04/01,油水分離器,16
2022/04/01,油漆,10
2022/04/01,油燃料混合器,11
2022/04/01,油槽,12
2022/05/01,滑輪,14
2022/05/01,齒輪,8
2022/05/01,軸承,16
2022/05/01,接頭,12
2022/05/01,線圈,5
2022/05/01,電纜,3
2022/05/01,活塞,7
2022/05/01,油封,17
2022/05/01,油泵,6
2022/05/01,油壓閥,11
2022/05/01,油箱,14
2022/05/01,油缸,10
2022/05/01,油管,15
2022/05/01,油濾,11
2022/05/01,油底壓力表,22
2022/05/01,油溫計,8
2022/05/01,油水分離器,13
2022/05/01,油漆,9
2022/05/01,油燃料混合器,3
2022/05/01,油槽,11
2022/06/01,滑輪,11
2022/06/01,齒輪,6
2022/06/01,軸承,10
2022/06/01,接頭,0
2022/06/01,線圈,8
2022/06/01,電纜,6
2022/06/01,活塞,14
2022/06/01,油封,11
2022/06/01,油泵,12
2022/06/01,油壓閥,16
2022/06/01,油箱,4
2022/06/01,油缸,11
2022/06/01,油管,14
2022/06/01,油濾,18
2022/06/01,油底壓力表,8
2022/06/01,油溫計,6
2022/06/01,油水分離器,18
2022/06/01,油漆,15
2022/06/01,油燃料混合器,10
2022/06/01,油槽,4
2022/07/01,滑輪,11
2022/07/01,齒輪,8
2022/07/01,軸承,6
2022/07/01,接頭,4
2022/07/01,線圈,11
2022/07/01,電纜,16
2022/07/01,活塞,8
2022/07/01,油封,10
2022/07/01,油泵,5
2022/07/01,油壓閥,24
2022/07/01,油箱,7
2022/07/01,油缸,2
2022/07/01,油管,9
2022/07/01,油濾,10
2022/07/01,油底壓力表,10
2022/07/01,油溫計,9
2022/07/01,油水分離器,14
2022/07/01,油漆,20
2022/07/01,油燃料混合器,9
2022/07/01,油槽,8
2022/08/01,滑輪,7
2022/08/01,齒輪,8
2022/08/01,軸承,5
2022/08/01,接頭,10
2022/08/01,線圈,3
2022/08/01,電纜,10
2022/08/01,活塞,19
2022/08/01,油封,6
2022/08/01,油泵,9
2022/08/01,油壓閥,11
2022/08/01,油箱,11
2022/08/01,油缸,8
2022/08/01,油管,14
2022/08/01,油濾,13
2022/08/01,油底壓力表,0
2022/08/01,油溫計,5
2022/08/01,油水分離器,3
2022/08/01,油漆,8
2022/08/01,油燃料混合器,7
2022/08/01,油槽,14
2022/09/01,滑輪,0
2022/09/01,齒輪,11
2022/09/01,軸承,4
2022/09/01,接頭,13
2022/09/01,線圈,7
2022/09/01,電纜,15
2022/09/01,活塞,11
2022/09/01,油封,11
2022/09/01,油泵,2
2022/09/01,油壓閥,8
2022/09/01,油箱,16
2022/09/01,油缸,1
2022/09/01,油管,1
2022/09/01,油濾,22
2022/09/01,油底壓力表,12
2022/09/01,油溫計,11
2022/09/01,油水分離器,10
2022/09/01,油漆,20
2022/09/01,油燃料混合器,6
2022/09/01,油槽,9
2022/10/01,滑輪,11
2022/10/01,齒輪,16
2022/10/01,軸承,12
2022/10/01,接頭,14
2022/10/01,線圈,20
2022/10/01,電纜,10
2022/10/01,活塞,9
2022/10/01,油封,12
2022/10/01,油泵,7
2022/10/01,油壓閥,12
2022/10/01,油箱,3
2022/10/01,油缸,14
2022/10/01,油管,10
2022/10/01,油濾,0
2022/10/01,油底壓力表,1
2022/10/01,油溫計,7
2022/10/01,油水分離器,3
2022/10/01,油漆,13
2022/10/01,油燃料混合器,7
2022/10/01,油槽,10
2022/11/01,滑輪,9
2022/11/01,齒輪,14
2022/11/01,軸承,17
2022/11/01,接頭,8
2022/11/01,線圈,15
2022/11/01,電纜,7
2022/11/01,活塞,10
2022/11/01,油封,6
2022/11/01,油泵,18
2022/11/01,油壓閥,7
2022/11/01,油箱,0
2022/11/01,油缸,12
2022/11/01,油管,12
2022/11/01,油濾,8
2022/11/01,油底壓力表,5
2022/11/01,油溫計,9
2022/11/01,油水分離器,7
2022/11/01,油漆,15
2022/11/01,油燃料混合器,5
2022/11/01,油槽,2
2022/12/01,滑輪,14
2022/12/01,齒輪,10
2022/12/01,軸承,10
2022/12/01,接頭,5
2022/12/01,線圈,5
2022/12/01,電纜,8
2022/12/01,活塞,4
2022/12/01,油封,18
2022/12/01,油泵,7
2022/12/01,油壓閥,6
2022/12/01,油箱,7
2022/12/01,油缸,1
2022/12/01,油管,11
2022/12/01,油濾,11
2022/12/01,油底壓力表,12
2022/12/01,油溫計,0
2022/12/01,油水分離器,5
2022/12/01,油漆,14
2022/12/01,油燃料混合器,15
2022/12/01,油槽,19
2023/01/01,滑輪,6
2023/01/01,齒輪,14
2023/01/01,軸承,7
2023/01/01,接頭,15
2023/01/01,線圈,9
2023/01/01,電纜,10
2023/01/01,活塞,5
2023/01/01,油封,9
2023/01/01,油泵,13
2023/01/01,油壓閥,9
2023/01/01,油箱,14
2023/01/01,油缸,10
2023/01/01,油管,2
2023/01/01,油濾,13
2023/01/01,油底壓力表,5
2023/01/01,油溫計,0
2023/01/01,油水分離器,19
2023/01/01,油漆,16
2023/01/01,油燃料混合器,6
2023/01/01,油槽,16
2023/02/01,滑輪,10
2023/02/01,齒輪,13
2023/02/01,軸承,7
2023/02/01,接頭,10
2023/02/01,線圈,12
2023/02/01,電纜,17
2023/02/01,活塞,10
2023/02/01,油封,9
2023/02/01,油泵,6
2023/02/01,油壓閥,7
2023/02/01,油箱,10
2023/02/01,油缸,14
2023/02/01,油管,14
2023/02/01,油濾,8
2023/02/01,油底壓力表,13
2023/02/01,油溫計,19
2023/02/01,油水分離器,20
2023/02/01,油漆,22
2023/02/01,油燃料混合器,7
2023/02/01,油槽,17
2023/03/01,滑輪,15
2023/03/01,齒輪,14
2023/03/01,軸承,7
2023/03/01,接頭,14
2023/03/01,線圈,10
2023/03/01,電纜,10
2023/03/01,活塞,6
2023/03/01,油封,11
2023/03/01,油泵,5
2023/03/01,油壓閥,15
2023/03/01,油箱,21
2023/03/01,油缸,6
2023/03/01,油管,12
2023/03/01,油濾,9
2023/03/01,油底壓力表,10
2023/03/01,油溫計,8
2023/03/01,油水分離器,8
2023/03/01,油漆,4
2023/03/01,油燃料混合器,2
2023/03/01,油槽,7
2023/04/01,滑輪,10
2023/04/01,齒輪,8
2023/04/01,軸承,13
2023/04/01,接頭,13
2023/04/01,線圈,10
2023/04/01,電纜,5
2023/04/01,活塞,2
2023/04/01,油封,1
2023/04/01,油泵,5
2023/04/01,油壓閥,9
2023/04/01,油箱,14
2023/04/01,油缸,10
2023/04/01,油管,10
2023/04/01,油濾,8
2023/04/01,油底壓力表,17
2023/04/01,油溫計,12
2023/04/01,油水分離器,0
2023/04/01,油漆,15
2023/04/01,油燃料混合器,17
2023/04/01,油槽,12
2023/05/01,滑輪,11
2023/05/01,齒輪,2
2023/05/01,軸承,6
2023/05/01,接頭,9
2023/05/01,線圈,5
2023/05/01,電纜,4
2023/05/01,活塞,11
2023/05/01,油封,11
2023/05/01,油泵,3
2023/05/01,油壓閥,16
2023/05/01,油箱,7
2023/05/01,油缸,14
2023/05/01,油管,13
2023/05/01,油濾,5
2023/05/01,油底壓力表,8
2023/05/01,油溫計,7
2023/05/01,油水分離器,10
2023/05/01,油漆,7
2023/05/01,油燃料混合器,18
2023/05/01,油槽,12
2023/06/01,滑輪,8
2023/06/01,齒輪,9
2023/06/01,軸承,13
2023/06/01,接頭,13
2023/06/01,線圈,1
2023/06/01,電纜,8
2023/06/01,活塞,6
2023/06/01,油封,6
2023/06/01,油泵,7
2023/06/01,油壓閥,12
2023/06/01,油箱,7
2023/06/01,油缸,13
2023/06/01,油管,10
2023/06/01,油濾,9
2023/06/01,油底壓力表,11
2023/06/01,油溫計,6
2023/06/01,油水分離器,9
2023/06/01,油漆,12
2023/06/01,油燃料混合器,5
2023/06/01,油槽,11
2023/07/01,滑輪,12
2023/07/01,齒輪,8
2023/07/01,軸承,4
2023/07/01,接頭,16
2023/07/01,線圈,7
2023/07/01,電纜,9
2023/07/01,活塞,7
2023/07/01,油封,11
2023/07/01,油泵,6
2023/07/01,油壓閥,10
2023/07/01,油箱,2
2023/07/01,油缸,18
2023/07/01,油管,12
2023/07/01,油濾,6
2023/07/01,油底壓力表,8
2023/07/01,油溫計,14
2023/07/01,油水分離器,6
2023/07/01,油漆,7
2023/07/01,油燃料混合器,13
2023/07/01,油槽,5
2023/08/01,滑輪,19
2023/08/01,齒輪,16
2023/08/01,軸承,19
2023/08/01,接頭,13
2023/08/01,線圈,6
2023/08/01,電纜,4
2023/08/01,活塞,11
2023/08/01,油封,10
2023/08/01,油泵,11
2023/08/01,油壓閥,7
2023/08/01,油箱,8
2023/08/01,油缸,4
2023/08/01,油管,7
2023/08/01,油濾,9
2023/08/01,油底壓力表,19
2023/08/01,油溫計,3
2023/08/01,油水分離器,14
2023/08/01,油漆,7
2023/08/01,油燃料混合器,10
2023/08/01,油槽,10
2023/09/01,滑輪,16
2023/09/01,齒輪,13
2023/09/01,軸承,15
2023/09/01,接頭,6
2023/09/01,線圈,11
2023/09/01,電纜,11
2023/09/01,活塞,8
2023/09/01,油封,8
2023/09/01,油泵,12
2023/09/01,油壓閥,15
2023/09/01,油箱,7
2023/09/01,油缸,1
2023/09/01,油管,13
2023/09/01,油濾,10
2023/09/01,油底壓力表,14
2023/09/01,油溫計,8
2023/09/01,油水分離器,11
2023/09/01,油漆,1
2023/09/01,油燃料混合器,12
2023/09/01,油槽,3
2023/10/01,滑輪,11
2023/10/01,齒輪,12
2023/10/01,軸承,0
2023/10/01,接頭,15
2023/10/01,線圈,2
2023/10/01,電纜,13
2023/10/01,活塞,8
2023/10/01,油封,8
2023/10/01,油泵,7
2023/10/01,油壓閥,9
2023/10/01,油箱,7
2023/10/01,油缸,0
2023/10/01,油管,5
2023/10/01,油濾,9
2023/10/01,油底壓力表,14
2023/10/01,油溫計,1
2023/10/01,油水分離器,13
2023/10/01,油漆,12
2023/10/01,油燃料混合器,12
2023/10/01,油槽,14
2023/11/01,滑輪,23
2023/11/01,齒輪,8
2023/11/01,軸承,20
2023/11/01,接頭,12
2023/11/01,線圈,8
2023/11/01,電纜,12
2023/11/01,活塞,14
2023/11/01,油封,6
2023/11/01,油泵,2
2023/11/01,油壓閥,8
2023/11/01,油箱,13
2023/11/01,油缸,12
2023/11/01,油管,7
2023/11/01,油濾,9
2023/11/01,油底壓力表,11
2023/11/01,油溫計,5
2023/11/01,油水分離器,23
2023/11/01,油漆,9
2023/11/01,油燃料混合器,13
2023/11/01,油槽,8
2023/12/01,滑輪,10
2023/12/01,齒輪,7
2023/12/01,軸承,14
2023/12/01,接頭,12
2023/12/01,線圈,5
2023/12/01,電纜,11
2023/12/01,活塞,4
2023/12/01,油封,5
2023/12/01,油泵,18
2023/12/01,油壓閥,11
2023/12/01,油箱,5
2023/12/01,油缸,4
2023/12/01,油管,10
2023/12/01,油濾,6
2023/12/01,油底壓力表,3
2023/12/01,油溫計,6
2023/12/01,油水分離器,12
2023/12/01,油漆,5
2023/12/01,油燃料混合器,9
2023/12/01,油槽,10
